<?xml version="1.0" encoding="UTF-8"?>
<project-private xmlns="http://www.netbeans.org/ns/project-private/1">
    <editor-bookmarks xmlns="http://www.netbeans.org/ns/editor-bookmarks/2" lastBookmarkId="0"/>
    <open-files xmlns="http://www.netbeans.org/ns/projectui-open-files/2">
        <group>
            <file>file:/C:/Users/Lenovo/Documents/NetBeansProjects/Parcial_Banco/src/parcial_banco/Persona.java</file>
            <file>file:/C:/Users/Lenovo/Documents/NetBeansProjects/Parcial_Banco/src/uml/ee.png</file>
            <file>file:/C:/Users/Lenovo/Documents/NetBeansProjects/Parcial_Banco/src/parcial_banco/Cuenta.java</file>
            <file>file:/C:/Users/Lenovo/Documents/NetBeansProjects/Parcial_Banco/src/parcial_banco/Sede.java</file>
            <file>file:/C:/Users/Lenovo/Documents/NetBeansProjects/Parcial_Banco/src/parcial_banco/Banco.java</file>
            <file>file:/C:/Users/Lenovo/Documents/NetBeansProjects/Parcial_Banco/src/uml/nown.png</file>
        </group>
    </open-files>
</project-private>
